,0
0,'0xc2e9f25be6257c210d7adf0d4cd6e3e881ba25f8'
1,'0xfd3dfb524b2da40c8a6d703c62be36b5d8540626'
2,'0x028171bca77440897b824ca71d1c56cac55b68a3'
3,'0x6c6bc977e13df9b0de53b251522280bb72383700'
4,'0x22f9dcf4647084d6c31b2765f6910cd85c178c18'
5,'0xc3d03e4f041fd4cd388c549ee2a29a9e5075882f'
6,'0x60594a405d53811d3bc4766596efd80fd545a270'
7,'0xbebc44782c7db0a1a60cb6fe97d0b483032ff1c7'
8,'0x1bd435f3c054b6e901b7b108a0ab7617c808677b'
9,'0x34d7d7aaf50ad4944b70b320acb24c95fa2def7c'
10,'0xc176761d388caf2f56cf03329d82e1e7c48ae09c'
11,'0xa478c2975ab1ea89e8196811f51a7b7ade33eb11'
12,'0x6f48eca74b38d2936b02ab603ff4e36a6c0e3a77'
13,'0x0000006daea1723962647b7e189d311d757fb793'
14,'0x27239549dd40e1d60f5b80b0c4196923745b1fd2'
